feature,coef,std_err,t_stat,p_value,ci_lower,ci_upper,significant,stars
const,31.684501442254977,12.58426406503285,2.5177873953149814,0.012866437306775617,6.817829818355815,56.551173066154135,True,*
pagerank_norm,0.9672770574983373,3.894258759000016,0.2483854097427051,0.8041782308930928,-6.727829567578167,8.662383682574841,False,
degree,0.43228330156508377,0.5021565333898537,0.8608536837047918,0.3907017716472839,-0.5599846256709496,1.4245512288011173,False,
momentum_rising,-3.5049160086658513,2.1873444002302582,-1.6023612963266756,0.11119360586535412,-7.82713736764355,0.8173053503118468,False,
momentum_falling,-2.3134385327654416,2.1748412615491803,-1.0637275343569377,0.2891730235225404,-6.61095352494698,1.9840764594160967,False,
press_sent,-3.4091334248346667,11.741561003612253,-0.29034754610446245,0.771954073541425,-26.61061269449616,19.792345844826826,False,
reddit_sent,2.8960687037063444,5.456939625209746,0.5307129824796311,0.5964078163933992,-7.886915905507664,13.679053312920352,False,
made_playoffs,7.047637460609121,1.8221235688717594,3.8678153232894887,0.00016364084501657012,3.4470972771587536,10.648177644059489,True,***
