year,source,League Governance & Ownership,Fan Discourse & Community,Playoffs & Coaching Decisions,International & National Team,Transfers & DP Signings,"Stadium, Tickets & Broadcast",Tactics & Squad Building
2018,press,0.22949721,0.07104691,0.21804234,0.08864884,0.21842216,0.13258545,0.0417571
2018,reddit,0.11221347,0.30736634,0.2315228,0.08799339,0.12144192,0.10651756,0.032944486
2019,press,0.21642177,0.08253971,0.21866147,0.06915526,0.2570674,0.12670076,0.029453635
2019,reddit,0.11080197,0.34300265,0.2085448,0.08377078,0.1098957,0.11055155,0.03343255
2020,press,0.35304245,0.06166687,0.16602081,0.055153124,0.2211863,0.11599814,0.026932314
2020,reddit,0.12645122,0.3383579,0.20694505,0.07887816,0.10668482,0.10870926,0.033973604
2021,press,0.24103265,0.06188529,0.23122525,0.07608352,0.26120356,0.104404,0.024165744
2021,reddit,0.1034002,0.3295198,0.2343077,0.08975685,0.10761609,0.10008334,0.03531601
2022,press,0.21517213,0.059398077,0.19144772,0.061952215,0.33583727,0.10658058,0.029611984
2022,reddit,0.08995647,0.3114149,0.23216024,0.08816065,0.14462577,0.09659482,0.037087176
2023,press,0.2259324,0.06800947,0.2713107,0.086463206,0.22975034,0.099061206,0.01947269
2023,reddit,0.09631412,0.3550794,0.22777432,0.08838377,0.11850449,0.08245577,0.031488124
2024,press,0.21954398,0.06887753,0.28156012,0.06823329,0.2256662,0.110692695,0.025426198
2024,reddit,0.094247006,0.35580438,0.21868953,0.09340778,0.13237754,0.075455226,0.030018542
