club,press_volume,reddit_volume,press_norm,reddit_norm,press_share
St. Louis City SC,139,112,0.10183150183150183,0.31024930747922436,0.2471153698099084
Austin FC,448,261,0.3282051282051282,0.7229916897506925,0.3122204351142751
San Jose Earthquakes,462,259,0.3384615384615385,0.7174515235457064,0.32053920944741277
Sporting Kansas City,532,272,0.38974358974358975,0.7534626038781164,0.3409215166757894
Houston Dynamo FC,641,304,0.4695970695970696,0.8421052631578947,0.35800582000397185
Real Salt Lake,596,276,0.43663003663003663,0.7645429362880887,0.36350304753010393
FC Dallas,665,279,0.48717948717948717,0.7728531855955678,0.38664036045977956
Colorado Rapids,695,276,0.5091575091575091,0.7645429362880887,0.39974666773366496
Portland Timbers,736,288,0.5391941391941392,0.7977839335180056,0.40329318019184596
Columbus Crew,925,361,0.6776556776556777,1.0,0.40393013076359624
D.C. United,710,266,0.5201465201465202,0.7368421052631579,0.4138036806523927
Vancouver Whitecaps FC,749,276,0.5487179487179488,0.7645429362880887,0.41782859336254236
Chicago Fire FC,745,273,0.5457875457875457,0.7562326869806094,0.41918514907252324
FC Cincinnati,651,234,0.47692307692307695,0.6481994459833795,0.42388545850738707
Nashville SC,781,268,0.5721611721611721,0.7423822714681441,0.43525466921522243
New York City FC,836,285,0.6124542124542125,0.7894736842105263,0.4368657000651802
Charlotte FC,470,160,0.3443223443223443,0.44321329639889195,0.43721493489462154
Minnesota United FC,690,231,0.5054945054945055,0.6398891966759003,0.44133202183277437
New England Revolution,715,236,0.5238095238095238,0.6537396121883656,0.4448302897533037
Toronto FC,1001,297,0.7333333333333333,0.8227146814404432,0.47127937306527673
LAFC,1158,339,0.8483516483516483,0.9390581717451524,0.4746262655259877
Philadelphia Union,910,247,0.6666666666666666,0.6842105263157895,0.49350649314117045
Seattle Sounders FC,1135,295,0.8315018315018315,0.817174515235457,0.504345096381724
Orlando City SC,1002,253,0.734065934065934,0.7008310249307479,0.5115809389321109
Inter Miami CF,1360,335,0.9963369963369964,0.9279778393351801,0.5177619469275707
Atlanta United FC,769,184,0.5633699633699634,0.5096952908587258,0.5250099755116004
LA Galaxy,1076,257,0.7882783882783883,0.7119113573407202,0.5254524569674509
New York Red Bulls,783,178,0.5736263736263736,0.4930747922437673,0.5377573320834346
CF Montreal,1365,81,1.0,0.22437673130193905,0.816742080780896
