entity,time_window,pagerank,prev_pagerank,delta,pct_change
Seattle Sounders FC,2024_03,0.5,0.035906,0.464094,1292.5
FC Cincinnati,2024_02,0.5,0.039547,0.460453,1164.3
Columbus Crew,2022_08,0.5,0.047871,0.452129,944.5
FC Dallas,2019_04,0.5,0.051351,0.448649,873.7
Sporting Kansas City,2019_01,0.5,0.051351,0.448649,873.7
Houston Dynamo FC,2022_05,0.486486,0.038011,0.44847499999999996,1179.9
D.C. United,2022_11,0.5,0.059253,0.440747,743.8
FC Cincinnati,2022_08,0.5,0.059253,0.440747,743.8
Philadelphia Union,2024_03,0.5,0.066667,0.43333299999999997,650.0
New York Red Bulls,2022_07,0.5,0.071429,0.428571,600.0
Real Salt Lake,2021_03,0.5,0.071429,0.428571,600.0
Orlando City SC,2022_07,0.5,0.073617,0.426383,579.2
San Jose Earthquakes,2024_05,0.5,0.076923,0.423077,550.0
St. Louis City SC,2023_09,0.5,0.076923,0.423077,550.0
LAFC,2023_09,0.5,0.083333,0.416667,500.0
Orlando City SC,2023_04,0.5,0.083333,0.416667,500.0
Minnesota United FC,2019_01,0.5,0.090909,0.409091,450.0
Colorado Rapids,2022_04,0.5,0.104246,0.395754,379.6
New York Red Bulls,2018_12,0.5,0.110039,0.389961,354.4
Toronto FC,2024_02,0.5,0.111111,0.388889,350.0
