entity,time_window,pagerank,prev_pagerank,delta,pct_change
FC Cincinnati,2022_Q3,0.0278,0.5,-0.4722,-94.4
St. Louis City SC,2023_Q3,0.028667,0.5,-0.471333,-94.3
Orlando City SC,2020_Q2,0.042432,0.5,-0.457568,-91.5
Atlanta United FC,2020_Q4,0.042722,0.5,-0.457278,-91.5
New York Red Bulls,2018_Q3,0.051351,0.5,-0.448649,-89.7
Sporting Kansas City,2019_Q1,0.052601,0.5,-0.447399,-89.5
New York City FC,2018_Q3,0.066667,0.5,-0.43333299999999997,-86.7
Vancouver Whitecaps FC,2021_06,0.074737,0.5,-0.425263,-85.1
D.C. United,2022_Q3,0.089363,0.5,-0.41063700000000003,-82.1
Columbus Crew,2023_Q1,0.076923,0.486486,-0.40956299999999995,-84.2
Nashville SC,2023_08,0.092962,0.5,-0.407038,-81.4
Orlando City SC,2023_08,0.092962,0.5,-0.407038,-81.4
Philadelphia Union,2024_Q1,0.1,0.5,-0.4,-80.0
Toronto FC,2024_Q1,0.1,0.5,-0.4,-80.0
San Jose Earthquakes,2024_Q2,0.111111,0.5,-0.388889,-77.8
Real Salt Lake,2022_Q1,0.125,0.5,-0.375,-75.0
Orlando City SC,2022_09,0.152005,0.5,-0.347995,-69.6
Minnesota United FC,2019_03,0.154055,0.5,-0.345945,-69.2
Columbus Crew,2022_09,0.159152,0.5,-0.34084800000000004,-68.2
New York Red Bulls,2022_09,0.159152,0.5,-0.34084800000000004,-68.2
